[{"ThemeName":"Genesis (preset)","DataFields":"255, 153, 0","Labels":"Silver","Headings":"Gray","Tables":"255, 153, 0","TableHeadings":"Silver","OtherText":"Gray","PriceBlock":"DimGray","StatusErrors":"Gray","Buttons":"74, 66, 51","ButtonText":"White","Lines":"106, 72, 9","TextBoxes":"64, 64, 64","ProgressBars":"201, 121, 0","TableBackgrounds":"41, 41, 41","TableTitleBars":"50, 50, 50","ShowTime":true,"HeadingBGDefault":true,"HeadingBGNone":false,"HeadingBGCustom":false,"HeadingBackgrounds":"Transparent","WindowBackground":"44, 44, 44","WindowImage":"AppBackground2.png","BackgroundGenesis":true,"BackgroundFranklin":false,"BackgroundSatsuma":false,"BackgroundHoneyBadger":false,"BackgroundSymbol":false,"BackgroundStackSats":false,"BackgroundCustomColor":false,"BackgroundCustomImage":false,"Panels":"40, 40, 40","ChartsDark":true,"OrangeInfinity":1,"BorderRadius":12,"FiatConversionText":"185, 83, 0","Opacity":0.0,"TitlesBackgroundImage":0},{"ThemeName":"HoneyBadger (preset)","DataFields":"236, 173, 55","Labels":"78, 78, 78","Headings":"87, 87, 87","Tables":"84, 100, 120","TableHeadings":"White","OtherText":"97, 97, 97","PriceBlock":"236, 173, 55","StatusErrors":"85, 85, 85","Buttons":"241, 184, 99","ButtonText":"White","Lines":"241, 184, 99","TextBoxes":"221, 221, 221","ProgressBars":"255, 240, 217","TableBackgrounds":"255, 243, 225","TableTitleBars":"241, 184, 99","ShowTime":false,"HeadingBGDefault":true,"HeadingBGNone":false,"HeadingBGCustom":false,"HeadingBackgrounds":"Transparent","WindowBackground":"White","WindowImage":"no custom image selected","BackgroundGenesis":false,"BackgroundFranklin":false,"BackgroundSatsuma":false,"BackgroundHoneyBadger":true,"BackgroundSymbol":false,"BackgroundStackSats":false,"BackgroundCustomColor":false,"BackgroundCustomImage":false,"Panels":"244, 244, 244","ChartsDark":false,"OrangeInfinity":2,"BorderRadius":12,"FiatConversionText":"255, 183, 111","Opacity":100.0,"TitlesBackgroundImage":10},{"ThemeName":"StackSats (preset)","DataFields":"210, 193, 134","Labels":"229, 229, 229","Headings":"143, 193, 209","Tables":"163, 163, 163","TableHeadings":"233, 233, 233","OtherText":"174, 159, 174","PriceBlock":"138, 120, 66","StatusErrors":"99, 71, 99","Buttons":"87, 87, 87","ButtonText":"White","Lines":"Black","TextBoxes":"63, 77, 86","ProgressBars":"78, 157, 184","TableBackgrounds":"27, 27, 27","TableTitleBars":"46, 46, 46","ShowTime":false,"HeadingBGDefault":true,"HeadingBGNone":false,"HeadingBGCustom":false,"HeadingBackgrounds":"Transparent","WindowBackground":"20, 20, 20","WindowImage":"no custom image selected","BackgroundGenesis":false,"BackgroundFranklin":false,"BackgroundSatsuma":false,"BackgroundHoneyBadger":false,"BackgroundSymbol":false,"BackgroundStackSats":true,"BackgroundCustomColor":false,"BackgroundCustomImage":false,"Panels":"20, 27, 33","ChartsDark":true,"OrangeInfinity":3,"BorderRadius":12,"FiatConversionText":"179, 183, 204","Opacity":100.0,"TitlesBackgroundImage":3},{"ThemeName":"Satsuma (preset)","DataFields":"139, 164, 171","Labels":"143, 143, 143","Headings":"97, 134, 152","Tables":"Gray","TableHeadings":"Silver","OtherText":"Gray","PriceBlock":"98, 125, 134","StatusErrors":"Gray","Buttons":"71, 77, 88","ButtonText":"White","Lines":"122, 124, 148","TextBoxes":"49, 49, 49","ProgressBars":"122, 124, 148","TableBackgrounds":"24, 24, 29","TableTitleBars":"54, 56, 65","ShowTime":false,"HeadingBGDefault":true,"HeadingBGNone":false,"HeadingBGCustom":false,"HeadingBackgrounds":"Transparent","WindowBackground":"20, 20, 20","WindowImage":"Satsuma.png","BackgroundGenesis":false,"BackgroundFranklin":false,"BackgroundSatsuma":true,"BackgroundHoneyBadger":false,"BackgroundSymbol":false,"BackgroundStackSats":false,"BackgroundCustomColor":false,"BackgroundCustomImage":false,"Panels":"24, 24, 29","ChartsDark":true,"OrangeInfinity":1,"BorderRadius":6,"FiatConversionText":"Gray","Opacity":100.0,"TitlesBackgroundImage":3},{"ThemeName":"Symbol (preset)","DataFields":"209, 193, 163","Labels":"214, 214, 214","Headings":"226, 226, 226","Tables":"209, 193, 163","TableHeadings":"Silver","OtherText":"170, 170, 170","PriceBlock":"209, 193, 163","StatusErrors":"183, 183, 183","Buttons":"141, 141, 141","ButtonText":"White","Lines":"209, 193, 163","TextBoxes":"64, 64, 64","ProgressBars":"209, 193, 163","TableBackgrounds":"82, 82, 82","TableTitleBars":"133, 133, 133","ShowTime":false,"HeadingBGDefault":true,"HeadingBGNone":false,"HeadingBGCustom":false,"HeadingBackgrounds":"Transparent","WindowBackground":"20, 20, 20","WindowImage":"no custom image selected","BackgroundGenesis":false,"BackgroundFranklin":false,"BackgroundSatsuma":false,"BackgroundHoneyBadger":false,"BackgroundSymbol":true,"BackgroundStackSats":false,"BackgroundCustomColor":false,"BackgroundCustomImage":false,"Panels":"82, 82, 82","ChartsDark":true,"OrangeInfinity":1,"BorderRadius":12,"FiatConversionText":"182, 156, 107","Opacity":100.0,"TitlesBackgroundImage":10},{"ThemeName":"Franklin (preset)","DataFields":"192, 169, 158","Labels":"229, 229, 229","Headings":"159, 140, 96","Tables":"180, 152, 139","TableHeadings":"255, 216, 176","OtherText":"153, 153, 153","PriceBlock":"156, 129, 116","StatusErrors":"Gray","Buttons":"90, 80, 67","ButtonText":"255, 209, 187","Lines":"167, 139, 88","TextBoxes":"64, 64, 64","ProgressBars":"167, 139, 88","TableBackgrounds":"41, 41, 41","TableTitleBars":"70, 62, 55","ShowTime":false,"HeadingBGDefault":true,"HeadingBGNone":false,"HeadingBGCustom":false,"HeadingBackgrounds":"Transparent","WindowBackground":"20, 20, 20","WindowImage":"SatsumaBTCdir.png","BackgroundGenesis":false,"BackgroundFranklin":true,"BackgroundSatsuma":false,"BackgroundHoneyBadger":false,"BackgroundSymbol":false,"BackgroundStackSats":false,"BackgroundCustomColor":false,"BackgroundCustomImage":false,"Panels":"51, 47, 45","ChartsDark":true,"OrangeInfinity":2,"BorderRadius":6,"FiatConversionText":"218, 165, 165","Opacity":100.0,"TitlesBackgroundImage":2},{"ThemeName":"Pink","DataFields":"255, 113, 113","Labels":"Gray","Headings":"White","Tables":"255, 128, 128","TableHeadings":"White","OtherText":"194, 107, 107","PriceBlock":"255, 128, 128","StatusErrors":"182, 78, 78","Buttons":"214, 154, 154","ButtonText":"White","Lines":"255, 128, 128","TextBoxes":"255, 236, 236","ProgressBars":"255, 128, 128","TableBackgrounds":"250, 220, 220","TableTitleBars":"213, 170, 170","ShowTime":false,"HeadingBGDefault":false,"HeadingBGNone":false,"HeadingBGCustom":true,"HeadingBackgrounds":"250, 192, 192","WindowBackground":"255, 221, 221","WindowImage":"","BackgroundGenesis":false,"BackgroundFranklin":false,"BackgroundSatsuma":false,"BackgroundHoneyBadger":false,"BackgroundSymbol":false,"BackgroundStackSats":false,"BackgroundCustomColor":true,"BackgroundCustomImage":false,"Panels":"255, 210, 210","ChartsDark":false,"OrangeInfinity":2,"BorderRadius":12,"FiatConversionText":"128, 64, 64","Opacity":100.0,"TitlesBackgroundImage":0},{"ThemeName":"Green","DataFields":"73, 112, 92","Labels":"Gray","Headings":"White","Tables":"79, 119, 99","TableHeadings":"White","OtherText":"75, 116, 96","PriceBlock":"White","StatusErrors":"50, 78, 64","Buttons":"115, 164, 139","ButtonText":"White","Lines":"73, 112, 92","TextBoxes":"255, 236, 236","ProgressBars":"130, 172, 151","TableBackgrounds":"231, 239, 235","TableTitleBars":"130, 172, 151","ShowTime":false,"HeadingBGDefault":false,"HeadingBGNone":false,"HeadingBGCustom":true,"HeadingBackgrounds":"189, 213, 201","WindowBackground":"209, 224, 217","WindowImage":"","BackgroundGenesis":false,"BackgroundFranklin":false,"BackgroundSatsuma":false,"BackgroundHoneyBadger":false,"BackgroundSymbol":false,"BackgroundStackSats":false,"BackgroundCustomColor":true,"BackgroundCustomImage":false,"Panels":"181, 206, 193","ChartsDark":false,"OrangeInfinity":2,"BorderRadius":12,"FiatConversionText":"66, 119, 92","Opacity":100.0,"TitlesBackgroundImage":0},{"ThemeName":"Blue","DataFields":"192, 207, 214","Labels":"Gray","Headings":"White","Tables":"206, 218, 223","TableHeadings":"White","OtherText":"173, 192, 201","PriceBlock":"196, 210, 217","StatusErrors":"143, 169, 182","Buttons":"90, 123, 139","ButtonText":"White","Lines":"55, 109, 136","TextBoxes":"68, 89, 102","ProgressBars":"55, 109, 136","TableBackgrounds":"66, 89, 100","TableTitleBars":"85, 115, 130","ShowTime":false,"HeadingBGDefault":false,"HeadingBGNone":false,"HeadingBGCustom":true,"HeadingBackgrounds":"56, 78, 88","WindowBackground":"39, 50, 61","WindowImage":"","BackgroundGenesis":false,"BackgroundFranklin":false,"BackgroundSatsuma":false,"BackgroundHoneyBadger":false,"BackgroundSymbol":false,"BackgroundStackSats":false,"BackgroundCustomColor":true,"BackgroundCustomImage":false,"Panels":"33, 43, 48","ChartsDark":true,"OrangeInfinity":2,"BorderRadius":6,"FiatConversionText":"130, 168, 187","Opacity":100.0,"TitlesBackgroundImage":0}]