[{"DateAdded":"2024-02-19T00:00:00+00:00","Type":"defaulttheme","Data":"Symbol (preset)","Note":"","Encrypted":false,"KeyCheck":""},{"DateAdded":"2024-02-11T00:00:00+00:00","Type":"node","Data":"http://umbrel.local:3006/api/","Note":"","Encrypted":false,"KeyCheck":"21m"},{"DateAdded":"2023-06-04T00:00:00+01:00","Type":"block","Data":"481824","Note":"Segwit activated at block 481824 on August 23, 2017","Encrypted":false,"KeyCheck":"21m"},{"DateAdded":"2023-03-25T00:00:00+00:00","Type":"block","Data":"210000","Note":"The first block of the second epoch (25 BTC)","Encrypted":false,"KeyCheck":null},{"DateAdded":"2023-03-25T00:00:00+00:00","Type":"block","Data":"420000","Note":"The first block of the third epoch (12.5 BTC)","Encrypted":false,"KeyCheck":null},{"DateAdded":"2023-03-25T00:00:00+00:00","Type":"block","Data":"630000","Note":"The first block of the fourth epoch (6.25 BTC)","Encrypted":false,"KeyCheck":null},{"DateAdded":"2023-03-24T00:00:00+00:00","Type":"transaction","Data":"7dff938918f07619abd38e4510890396b1cef4fbeca154fb7aafba8843295ea2","Note":"The first known transaction where BTC was exchanged for fiat currency. 5050 BTC for $5.02.","Encrypted":false,"KeyCheck":null},{"DateAdded":"2023-03-24T00:00:00+00:00","Type":"transaction","Data":"54e48e5f5c656b26c3bca14a8c95aa583d07ebe84dde3b7dd4a78f4e4186e713","Note":"The Bitcoin whitepaper PDF is encoded in 945 of the 947 outputs of this transaction","Encrypted":false,"KeyCheck":null},{"DateAdded":"2023-03-24T00:00:00+00:00","Type":"address","Data":"1F1tAaz5x1HUXrCNLbtMDqcw6o5GNn4xqX","Note":"Silk Road's seized hot wallet","Encrypted":false,"KeyCheck":null},{"DateAdded":"2023-03-24T00:00:00+00:00","Type":"address","Data":"1F1tAaz5x1HUXrCNLbtMDqcw6o5GNn4xqX","Note":"The Genesis Address – the very first bitcoin address.","Encrypted":false,"KeyCheck":null},{"DateAdded":"2023-03-24T00:00:00+00:00","Type":"address","Data":"1FeexV6bAHb8ybZjqQMjJrcCrHGW9sb6uF","Note":"The still unspent BTC stolen in the MtGox hack","Encrypted":false,"KeyCheck":null},{"DateAdded":"2023-03-24T00:00:00+00:00","Type":"transaction","Data":"143a3d7e7599557f9d63e7f224f34d33e9251b2c23c38f95631b3a54de53f024","Note":"Star Wars: A New Hope (see transaction output addresses)","Encrypted":false,"KeyCheck":null},{"DateAdded":"2023-03-23T00:00:00+00:00","Type":"block","Data":"0","Note":"The Genesis Block, mined by Satoshi Nakamoto","Encrypted":false,"KeyCheck":null},{"DateAdded":"2023-03-23T00:00:00+00:00","Type":"transaction","Data":"f4184fc596403b9d638783cf57adfe4c75c605f6356fbc91338530e9831e9e16","Note":"The first ever bitcoin transfer, sent by Satoshi Nakamoto to Hal Finney.","Encrypted":false,"KeyCheck":null},{"DateAdded":"2023-03-23T00:00:00+00:00","Type":"block","Data":"170","Note":"The first block to contain a transaction other than the coinbase transaction.","Encrypted":false,"KeyCheck":null},{"DateAdded":"2023-03-23T00:00:00+00:00","Type":"transaction","Data":"a1075db55d416d3ca199f55b6084e2115b9345e16c5cf302fc80e9d5fbf5d48d","Note":"'Bitcoin Pizza' - one of the first real-world transactions - 10,000 BTC for 2 pizzas.","Encrypted":false,"KeyCheck":null},{"DateAdded":"2024-02-19T00:00:00+00:00","Type":"settings","Data":"DM111010000120001blocks----3","Note":"","Encrypted":false,"KeyCheck":"21m"}]